{
    "metadata":{
        "generator":"io_three",
        "vertices":216,
        "version":3,
        "type":"Geometry",
        "faces":428
    },
    "vertices":[85.1309,86.659,0.000294645,-173.394,95.3064,0.000336387,-192.045,-6.97172,0.000343896,-186.429,44.6876,17.2297,68.0457,80.8104,17.4108,66.868,85.1683,0.000297686,-42.7492,-26.0489,0.000320406,-187.8,-58.9795,0.000345478,-173.957,-108.135,18.1328,-41.5322,-46.1956,14.6665,-152.409,-155.057,18.4585,-152.812,-156.879,0.000344057,-123.04,-197.524,18.7803,51.7118,94.6187,14.0587,49.1413,90.5889,0.000300337,14.9016,-97.9103,15.1867,12.8399,-94.5413,0.000314344,-49.8783,-225.008,19.3734,32.5992,-99.1723,28.2343,-41.6271,242.668,16.4641,117.968,76.15,17.5738,47.9887,-104.938,0.000309072,121.046,80.1105,0.00028908,28.5344,114.964,57.6361,66.9209,-96.1874,15.315,65.66,-94.1853,0.000305723,53.6054,-251.518,0.000314564,85.956,-82.9312,15.3788,83.9043,-81.9643,0.000302216,139.163,-209.223,0.000298776,-40.8562,244.985,0.000308251,-84.0952,213.299,16.515,-112.202,181.04,47.0895,102.167,-80.4736,0.000299175,119.894,-75.8342,0.000296085,-49.0054,16.7118,0.000319556,-2.73808,92.6505,0.000308699,-83.7746,215.305,0.00031654,-187.194,44.9831,0.000340834,101.685,80.6146,17.5039,103.375,84.9559,0.000291748,-150.681,141.151,16.7789,-151.066,142.469,0.000330687,84.8738,82.184,17.449,-15.7702,79.7696,0.000311385,-37.8807,161.521,84.5149,-78.4472,86.9119,65.7426,-150.899,25.9935,57.6362,-88.4863,-54.5213,73.5885,36.9816,-140.529,57.6361,-191.229,-6.72213,-17.5082,37.8347,239.172,-16.5315,-42.015,-7.68061,-14.4289,-187.029,-58.1842,-17.8123,-186.429,44.6876,-17.229,-167.163,50.5383,-57.6355,-40.4199,-27.2251,-14.5444,-173.957,-108.135,-18.1321,-170.931,-73.0485,-47.6666,-172.775,94.4829,-16.9832,-41.5322,-46.1956,-14.6659,-145.649,-149.224,-47.9796,5.29562,244.548,-16.4692,110.82,-81.0814,-57.6355,-57.0392,-77.8942,-57.6355,-27.2715,-64.0158,-14.7896,-123.04,-197.524,-18.7796,-101.127,-205.447,-45.0685,58.0119,74.8648,-57.6355,-16.1177,-80.1441,-14.9118,-86.743,-234.246,-19.0877,14.9016,-97.9103,-15.186,-44.6204,-257.29,-19.3727,152.938,139.025,-14.9118,32.5992,-99.1723,-28.2337,-41.6271,242.668,-16.4635,79.1797,-85.756,-57.6355,51.8434,-237.562,-19.8398,4.6921,-235.657,-59.7663,28.5343,114.964,-57.6355,36.3684,87.5725,-14.0562,66.9209,-96.1874,-15.3144,122.12,-216.285,-20.0076,85.956,-82.9312,-15.3782,152.807,-174.216,-20.1245,-84.0952,213.299,-16.5143,-112.202,181.04,-47.0888,105.99,-76.1377,-15.4226,22.4815,90.7286,-14.0728,124.961,-71.1727,-15.4462,-19.4483,72.4573,-14.1591,89.2975,220.892,-16.6483,-38.5423,50.8865,-14.2295,-120.818,177.002,-16.6203,101.685,80.6146,-17.5033,-150.681,141.151,-16.7782,84.8738,82.184,-17.4484,-43.5708,-238.422,-48.423,165.816,75.1137,-57.6355,95.6062,140.593,-69.2434,148.642,-138.876,-57.6355,-37.8808,161.521,-84.5143,-40.1012,228.25,-47.0128,-78.4472,86.9119,-65.742,-154.447,114.118,-57.6355,-150.899,25.9935,-57.6355,-176.054,-1.69994,-47.5192,-88.4863,-54.5213,-73.5879,-42.1656,-115.716,-57.6355,-19.4301,-146.525,-70.1897,36.9816,-140.529,-57.6355,-191.86,-6.71867,17.7262,171.401,80.2351,15.2455,38.0126,239.733,16.8455,-41.3925,-7.70632,14.6676,-43.5745,-7.73768,0.00031974,-187.657,-58.2859,18.0133,-39.8007,-27.2042,14.7921,-173.388,94.698,17.1317,133.229,86.3451,14.3901,-37.4895,-43.5307,0.000320314,-175.217,-109.685,0.000345644,147.827,71.5795,0.00028509,41.7049,247.184,0.000294704,5.36367,245.137,16.775,110.846,-81.0185,58.2996,-56.5104,-77.7159,58.0015,-26.7293,-63.8058,15.1169,-25.0614,-66.066,0.000319274,57.9161,74.6344,58.2547,-15.7549,-79.7613,15.3207,-14.7863,-80.9802,0.000318252,-123.646,-200.223,0.000341199,-87.1238,-234.746,19.3112,-32.338,70.6325,0.000314484,172.655,89.5798,0.000280258,-86.854,-237.439,0.000336832,153.514,139.272,15.1404,-8.95283,252.871,0.000302708,31.5848,-98.4778,0.000311462,-49.3006,-228.478,0.000330322,-3.15375,-225.06,19.88,-53.0447,78.1693,57.9544,-39.5542,11.7929,14.5119,78.8491,-85.2868,57.9759,48.0656,-104.453,15.6706,-1.89585,-227.643,-0.0423914,52.0433,-247.661,20.1524,4.73429,-235.877,60.3955,36.1264,86.9558,14.1342,32.5046,95.0346,0.000302853,122.454,-216.766,20.3277,92.8796,-138.656,71.307,153.333,-174.523,20.3967,131.451,-179.027,58.2372,105.911,-75.4799,15.4998,176.648,-155.627,0.000290326,176.588,-128.324,20.4529,149.159,-139.118,57.9818,155.595,141.547,0.000280766,141.208,167.285,17.0886,22.4702,90.117,14.3392,94.8604,193.097,57.9435,124.997,-70.5163,15.5599,177.287,-129.872,0.000289096,-18.9862,72.0645,14.4373,166.343,-85.7705,58.0272,189.242,-83.7719,39.6013,146.012,167.505,0.000281193,136.581,-67.5212,0.000293002,192.067,-79.1679,0.000284472,89.626,221.407,16.9162,-37.9606,50.6497,14.4545,93.9238,222.768,0.000287263,-121.317,177.433,16.7209,-40.0423,54.3101,0.000316453,-121.377,179.075,0.00032425,-14.3037,120.787,58.0273,-9.49827,85.6668,14.4116,-43.6946,-238.542,49.068,165.9,75.0876,58.2971,95.6063,140.593,69.9109,45.033,165.723,58.3018,17.0249,227.109,47.6035,-40.214,228.569,47.5881,-154.492,114.19,58.2977,-64.2045,-8.31404,58.3014,-167.232,50.5341,58.2995,-176.185,-1.68346,48.1738,-171.071,-73.1208,48.3154,-145.715,-149.319,48.6373,-42.2301,-115.729,58.2999,-101.24,-205.502,45.7241,-19.4932,-146.55,70.8539,171.401,80.2351,-15.2449,-63.663,-8.28784,-57.9464,67.9879,80.1581,-17.2835,133.229,86.3451,-14.3895,-152.97,-155.367,-18.6402,51.5319,93.9795,-13.9963,2.15446,-257.327,-19.8973,-53.0448,78.1693,-57.9538,-39.5542,11.7929,-14.5113,117.927,75.4854,-17.5347,48.0656,-104.453,-15.6699,92.8796,-138.656,-71.3064,131.451,-179.032,-58.235,176.588,-128.324,-20.4523,141.208,167.285,-17.088,94.8604,193.097,-57.9429,166.343,-85.7705,-58.0266,189.242,-83.7719,-39.6007,-14.3037,120.787,-58.0267,-9.49827,85.6668,-14.411,45.0329,165.723,-58.3012,17.0249,227.109,-47.6029],